date,time,open,high,low,close,volume,position,ema-1,ema-20,ema-25,ema-30,ema-35,ema-40,ema-45,ema-50,ema-55,ema-200,rsi,trend,signal
11/01/2015,00:00,315.005005,327.471985,311.881012,325.431,37001100,0,325.431,287.1457901259046,281.4365147379032,276.8737667543409,273.21076396906113,270.25749236478197,267.8624367353792,265.90443903502893,264.28744645030963,249.5692405732014,82.58876553973292,1,1
11/02/2015,00:00,325.941986,365.359985,323.209015,361.188995,101918000,0,361.188995,294.19752392343753,287.5713209119107,282.31345889922216,278.09844347077996,274.69317542015847,271.9201131816671,269.6410882885572,267.74821604137003,250.67988489585613,87.07443423683658,1,1
11/03/2015,00:00,361.872986,417.899994,357.647003,403.416992,206162000,0,403.416992,304.59937802596727,296.48252638022524,290.12659006701426,285.0605850557366,280.9723859850288,277.6373687824642,274.8872021595942,272.593529468464,252.19965710584762,89.85917491881807,1,1
11/04/2015,00:00,403.664001,495.562012,380.548004,411.562988,263900000,0,411.562988,314.7863884996847,305.3348695817464,297.9611963852714,292.0884963304179,287.3426592540518,283.46022179192227,280.2470368984337,277.5567244160189,253.7853618908641,91.99427339459558,1,1
11/05/2015,00:00,408.076996,447.561005,374.580994,386.354004,151824992,0,386.354004,321.60235188066713,311.5671106908428,303.66395816686685,297.325468978728,292.17248094897604,287.9338644966213,284.40809443182843,281.44234154401823,255.10445285712416,79.4914020761112,1,1
11/06/2015,00:00,388.046997,395.835999,354.024994,374.470001,122687000,0,374.470001,326.6373660825084,316.405794560778,308.23208996255283,301.6112763132431,296.1869941221967,291.6963052141595,287.9399339050901,284.7647579531605,256.2921697540682,74.51089844359672,1,1
11/07/2015,00:00,374.269012,390.585999,372.433014,386.481995,56625100,0,386.481995,332.33685455084094,321.7962715176413,313.2804709327107,306.3263162402851,300.59162831135785,295.81742216136996,291.8043284578317,288.39751641911903,257.5875909007939,75.35604711785604,1,1
11/08/2015,00:00,384.278015,389.894989,368.700012,373.368011,51817600,0,373.368011,336.24458373647514,325.76332840089964,317.15708642092295,310.0508548380471,304.14169575958425,299.1891868934843,295.0029042437991,291.4321769398648,258.73963488188053,70.58953392198954,1,1
11/09/2015,00:00,374.324005,385.278015,362.894989,380.256989,68224400,0,380.256989,340.43624138062034,329.95514844698425,321.2280478776376,313.9511956248223,307.8546368932631,302.71387394159365,298.3462016852187,294.60449165629825,259.9487627835533,71.2842214119727,1,1
11/10/2015,00:00,379.984009,381.386993,329.108002,336.819,95797904,0,336.819,340.0917422015136,330.4831370279855,322.2339157564997,315.22162920122105,309.26753265456733,304.19670550935047,299.8549388740337,296.1121526685733,260.71364076580653,58.33872860813428,1,2
11/11/2015,00:00,339.820007,340.584991,300.997009,311.084015,107070000,0,311.084015,337.32910151565517,328.99089687198665,321.5145673205965,314.9917617455976,309.3561415494665,304.49615374807433,300.29529480054214,296.6468620375528,261.21483851938063,51.18457978957757,1,2
11/12/2015,00:00,314.07901,345.080994,313.355988,338.152008,78477800,0,338.152008,337.40747356178326,329.69559772798766,322.58795059023544,316.2784420930644,310.7608179616876,305.9594517590276,301.77987178875617,298.12918867906876,261.9803824943122,54.17826029285067,1,2
11/13/2015,00:00,338.497986,340.914001,326.075012,336.752991,52003000,0,336.752991,337.3451418892324,330.2384741335271,323.50182416505896,317.41591703233865,312.02872884160524,307.29830129124383,303.15136665978537,299.5086101905306,262.7243885490952,51.5716125630931,1,2
11/14/2015,00:00,336.623993,338.181,329.970001,332.906006,38612000,0,332.906006,336.9223670426389,330.4436688924866,324.10854557376484,318.276477530542,313.04713260542934,308.411679756842,304.31821526136247,300.70137432658305,263.4227131008455,53.49637805304686,1,2
11/15/2015,00:00,333.050995,334.661987,317.48999,320.165985,44213100,0,320.165985,335.32652113381613,329.6530778238338,323.85418682707035,318.3814501677341,313.39439369784736,308.92273650654454,304.93969642758356,301.39653899349076,263.9873227714839,49.02306840103762,1,2
11/16/2015,00:00,319.734985,331.626007,315.904999,330.751007,47980100,0,330.751007,334.8907578829765,329.73753391430813,324.29914296725934,319.06864776952665,314.241057761367,309.87179174539045,305.9519046853254,302.4449128508661,264.6516380374393,43.77021243276973,1,2
11/17/2015,00:00,330.362,338.350006,329.614014,335.093994,51001600,0,335.093994,334.91011370364544,330.1495693055152,324.9955849693717,319.9589447823307,315.25827416325154,310.9684092347213,307.0947317172735,303.61095146333514,265.35255700224087,33.44960284617133,1,2
11/18/2015,00:00,334.592987,336.531006,330.640015,334.589996,43783800,0,334.589996,334.87962630329827,330.49114058970633,325.61457922941224,320.77178096109014,316.2012849845563,311.99543474625517,308.1729773754196,304.71734591107315,266.0414867435121,30.63737561185978,1,2
11/19/2015,00:00,334.678986,335.334015,325.27301,326.148987,45011100,0,326.148987,334.04813684584127,330.15712877511356,325.64905715009536,321.0705146299185,316.68653874140716,312.6108065833745,308.87791892932466,305.48276166424915,266.63957132317864,33.460066105320976,1,2
11/20/2015,00:00,326.411011,326.472992,312.21701,322.022003,53152900,0,322.022003,332.9027907652849,329.53134986933566,325.4150536565408,321.12337509492295,316.9468052906068,313.0199890362712,309.3933732066061,306.07344885481166,267.19064029508735,34.94966361314627,1,2
11/21/2015,00:00,322.09201,328.158997,319.595001,326.927002,28200500,0,326.927002,332.33366802573397,329.33101541784833,325.51259871095755,321.44579881187167,317.4336441544796,313.6246417738247,310.08096649262154,306.81821860999696,267.7850319538427,32.183561055401285,1,2
11/22/2015,00:00,326.975006,327.01001,321.259003,324.536011,23439400,0,324.536011,331.59103402328316,328.9621689241677,325.4495930521861,321.61747726676765,317.7801010737733,314.09904913148455,310.647830983107,307.4509969096399,268.3497183125109,34.38994031389849,1,2
11/23/2015,00:00,324.350006,325.118011,321.290009,323.04599,27478900,0,323.04599,330.77722030678,328.50707823769335,325.29452188752896,321.69683908528054,318.036973704321,314.4880465605504,311.13403329749497,308.00796094858134,268.8939598218392,31.05759152485159,1,2
11/24/2015,00:00,323.014008,323.058014,318.118011,320.04599,29362600,0,320.04599,329.7551983728009,327.8562252963323,324.95590692704326,321.6051252472094,318.1349744992321,314.7296962753091,311.48352179563244,308.4378905575606,269.4029352464975,42.415551354405466,1,2
11/25/2015,00:00,320.045013,329.134003,316.769989,328.205994,41666900,0,328.205994,329.6076550992008,327.88313058122986,325.16558996400823,321.97184017791994,318.626243743172,315.31562226333915,312.13930501933316,309.14389425193343,269.98804030872145,59.205361985309416,1,2
11/26/2015,00:00,328.303009,366.756989,328.229004,352.68399,106105000,0,352.68399,331.8054012802293,329.79088899805834,326.9409706114916,323.678070723591,320.2875972191148,316.94033390406355,313.7292926656338,310.6988976715072,270.81088557928143,58.03670862462011,1,2
11/27/2015,00:00,351.860992,363.588989,347.869995,358.041992,55179100,0,358.041992,334.30412420592177,331.9640507674385,328.94748812042764,325.5871774611693,322.1292750133043,318.7273625169304,315.467045580707,312.3897224689534,271.67885678744784,61.27965577346944,1,1
11/28/2015,00:00,357.140991,359.536011,352.171997,357.381012,36816600,0,357.381012,336.501923043453,333.9192016314817,330.78190901588397,327.3535016022155,323.8488719394846,320.407955972716,317.1107305383264,313.9965542379193,272.53161455075684,63.42081431964948,1,1
11/29/2015,00:00,357.471985,371.938995,355.665985,371.294006,40409300,0,371.294006,339.81545475360036,336.7941865829062,333.39559269227857,329.79464073542573,326.1632687229244,322.62039293042403,319.23556487015674,316.04289180085084,273.51432491343587,77.67986281170921,1,1
11/30/2015,00:00,371.437012,382.363007,370.382996,377.321014,71701600,0,377.321014,343.387412777067,339.9116348457596,336.22949084116385,332.4349948056798,328.65876849253783,324.9986808030143,321.5134256203467,318.23139616510616,274.54722729240666,76.52111740666265,1,1
12/01/2015,00:00,377.414001,378.931,356.562988,362.488007,60452200,0,362.488007,345.2065169887749,341.64827885762423,337.923588657863,334.1046065942532,330.3089752489994,326.6286515072311,323.1202719489606,319.8119894092095,275.4222599263131,63.935584685303304,1,1
12/02/2015,00:00,361.845001,362.231995,349.464996,359.187012,54160500,0,359.187012,346.5379927041297,342.99741217626854,339.2954224218718,335.49807356123915,331.7176599685604,328.044232398221,324.5346539117465,321.21824021602345,276.25574004644926,62.16650266275932,1,1
12/03/2015,00:00,359.330994,370.274994,357.411987,361.04599,50714900,0,361.04599,347.9197067323078,344.3857643165556,340.6986848462672,336.9174022522814,333.1483102139964,329.47909142438533,325.96647101324663,322.6406598511655,277.09942412558905,68.4634446208187,1,1
12/04/2015,00:00,361.261993,363.515991,355.756989,363.183014,35784100,0,363.183014,349.3733550435166,345.83170659989753,342.14928672715325,338.37660290493244,334.6134177157527,330.9444793624555,327.425943287237,324.0886010707667,277.9559772586678,72.24606890108493,1,1
12/05/2015,00:00,363.721008,389.785004,363.229004,388.949005,66282200,0,388.949005,353.14246456318165,349.14842186144386,345.16862338991757,341.18618079910283,337.2639341686428,333.4664152597401,329.838612374012,326.4050440682393,279.06038549489995,77.35283571343977,1,1
12/06/2015,00:00,389.554993,402.80899,387.088989,388.78299,77762000,0,388.78299,356.5368003190691,352.197234795179,347.98245349379386,343.8304479769305,339.7770588433431,335.87148372670794,332.150156594639,328.6328278515165,280.1521527039059,78.90128131139986,1,1
12/07/2015,00:00,389.977997,399.968994,385.411011,395.536011,63455800,0,395.536011,360.2510108601101,355.53098681093445,351.05042494580715,346.7029792559899,342.49700772903367,338.4655936081555,334.63587637524137,331.0222272496766,281.3002507964044,81.1351113542704,1,1
12/08/2015,00:00,395.753998,415.562988,389.950012,415.562988,57801400,0,415.562988,365.5188182067663,360.1488330562472,355.2125257880131,350.5285352973238,346.061201888593,341.8176542338878,337.80948859582014,334.04154013361665,282.636198430271,85.79051241634079,1,1
12/09/2015,00:00,414.44101,423.119995,406.290985,417.562988,90917200,0,417.562988,370.4754058061219,364.565306513459,359.2351362533026,354.2526715585836,349.54909389402746,345.1109296150231,340.9370768077488,337.0244489859875,283.97875355036786,85.10280659993933,1,1
12/10/2015,00:00,417.988007,419.509003,411.548004,415.479004,52138900,0,415.479004,374.7614627769674,368.48174478165447,362.8637728821218,357.6541344719956,352.7651870699285,348.17041111002214,343.86028963881745,339.82639737934505,285.2872137538468,79.9351806115682,1,1
12/11/2015,00:00,415.281006,451.937988,415.281006,451.937988,110944000,0,451.937988,382.11160803630383,374.9014557984503,368.61049643811396,362.89212633466246,357.60288467627345,352.68204488784727,348.09863075102066,343.83038275865414,286.94543041301256,84.52415138333619,1,1
12/12/2015,00:00,452.334991,469.102997,410.740997,434.997009,131969000,0,434.997009,387.14831288998914,379.524190660108,372.8934972485582,366.8979531494034,361.3782078140162,356.26095637098433,351.5064102901963,347.08633369584504,288.41858044870395,75.48698295049626,1,1
12/13/2015,00:00,431.660004,441.679993,426.268005,433.755005,55050600,0,433.755005,391.5870454718949,383.69579176317666,376.820046135748,370.6122338077699,364.90878328650325,359.6302628331154,354.73184537685523,350.18164338527913,289.86471402632884,72.37222456594723,1,1
12/14/2015,00:00,433.272003,447.141998,430.455994,444.182007,130496000,0,444.182007,396.5960894269525,388.3485775506246,381.165979094732,374.69944342956046,368.77576980911283,363.30642562298,358.2396948522727,353.53879922866207,291.40020947880316,73.21643498344359,1,1
12/15/2015,00:00,443.877991,465.321014,443.877991,465.321014,83121104,0,465.321014,403.14132033867133,394.2695342005766,386.5953361853945,379.7339751279182,373.4852939159854,367.7418425089374,362.43896226983065,357.53102118478125,293.1307647476708,84.20903177059523,1,1
12/16/2015,00:00,465.208008,465.208008,443.851013,454.93399,107944000,0,454.93399,408.07395554451216,398.93603080053225,391.0042815927884,383.9117537319228,377.45840104203484,371.5328054433314,366.06621825924907,361.00969864246764,294.74074708849,80.41769144959183,1,1
12/17/2015,00:00,454.777008,457.859985,448.858002,456.078003,47978400,0,456.078003,412.64576958789195,403.3315671235682,395.20258619970525,387.92098980237154,381.2935035765697,375.2086835979692,369.5960921706511,364.4049952266652,296.34609291845527,80.32832855769877,1,1
12/18/2015,00:00,455.846985,465.177002,454.940002,463.615997,60220100,0,463.615997,417.5000769604737,407.96883096021685,399.61635463843396,392.1262679800176,385.3092349630785,379.0524798328401,373.2831472619981,367.9482452899986,298.0104700734956,80.98387334669785,1,1
12/19/2015,00:00,463.552002,465.580994,456.765015,462.321991,47892700,0,462.321991,421.76883067852384,412.1498432709694,403.66187956498663,396.0260303700166,389.0659547697576,382.67289336184706,376.7748666242727,371.318736208213,299.645410580227,76.66149979567736,1,1
12/20/2015,00:00,462.234009,462.644989,434.338013,442.684998,75409400,0,442.684998,423.7608466139025,414.49870132704876,406.17950010918105,398.618195238349,391.68151785415967,385.2821153026363,379.3595776586149,373.86753127220544,301.06869005704067,67.15837708758102,1,1
12/21/2015,00:00,442.838013,444.729004,427.312012,438.639008,77639696,0,438.639008,425.17781436495943,416.3556479941989,408.27366190858874,400.84157372510737,393.9721271295665,387.6019802025217,381.68426120141436,376.1807982981981,302.4375489420453,63.961393128882214,1,1
12/22/2015,00:00,437.436005,443.687988,435.515991,436.571991,50840400,0,436.571991,426.2629740444871,417.9107513023374,410.09936055964755,402.8265969070459,396.0501692695876,389.7311111067599,383.83672119351576,378.33762660897673,303.77222000729853,57.70096530994388,1,2
12/23/2015,00:00,436.720001,444.528992,436.618988,442.401001,47161400,0,442.401001,427.7999289926312,419.7946166636961,412.18333736225094,405.02517491221,398.3111854515589,392.0211063195095,386.13335961729945,380.625604265799,305.15161086294734,58.85591645398821,1,2
12/24/2015,00:00,443.091003,458.455994,443.076996,454.984985,57157200,0,454.984985,430.38898194571397,422.5015680741811,414.94473398404125,407.8007199170872,401.0757610392877,394.7586662621395,388.8334233577975,383.2812964348776,306.6424902075946,63.104534864518,1,1
12/25/2015,00:00,454.855011,458.304993,452.075012,455.653015,39078500,0,455.653015,432.7950803318364,425.05167937616716,417.5710746947483,410.4591807550268,403.7380661105419,397.4062466420465,391.45379950062903,385.86600066934625,308.12518199657376,51.6160293741284,1,2
12/26/2015,00:00,455.756012,457.489014,405.76001,417.273987,116166000,0,417.273987,431.3168809668996,424.45339534723126,417.5519077467,410.83778110196977,404.3983549344179,398.27006144021834,392.4663558731534,386.98771446686965,309.2112397578019,43.502390822446934,1,2
12/27/2015,00:00,416.514008,424.006989,408.882996,422.822998,53591200,0,422.822998,430.50793973195675,424.32798016667505,417.8919780856226,411.50362648519365,405.29711801078776,399.3375804210784,393.6568124271474,388.26754602162436,310.34170501394317,46.11480775535905,1,2
12/28/2015,00:00,423.342987,429.769012,418.480988,422.278992,49638600,0,422.278992,429.72423042415136,424.17036569231544,418.1750112413889,412.1022579026829,406.1255021078225,400.33503309842285,394.77925084176906,389.4822405208521,311.4555088645507,41.627615122353816,1,2
12/29/2015,00:00,422.097992,432.983002,420.627014,432.983002,51596500,0,432.983002,430.0345896218512,424.84826079290656,419.13036548388,413.2622992414227,407.43562405378236,401.7545100071871,396.27743716169965,391.0358391451074,312.66473765196815,36.56725893659518,1,2
12/30/2015,00:00,433.299988,434.386993,422.084015,426.619995,46889400,0,426.619995,429.7093901340558,424.98454803960607,419.61356738814584,414.00439345023256,408.3714470267686,402.8356180503529,397.4673413906526,392.3067018542107,313.79862080966006,37.83199641270309,1,2
12/31/2015,00:00,425.875,432.92099,418.734985,430.566986,45996600,0,430.566986,429.7910659308124,425.4139663442518,420.3202395566526,414.92453748077514,409.45415624497497,404.04132970033754,398.7653666694506,393.67314057370317,314.960495090161,39.29449659102266,1,2
01/01/2016,00:00,430.721008,436.246002,427.515015,434.334015,36278900,0,434.334015,430.22372774692553,426.1001239331555,421.22435410138473,416.0028417873987,410.66780789156155,405.35840297423596,400.16021562358975,395.12531466035665,316.14829130816935,37.310425915099046,1,2
01/02/2016,00:00,434.622009,436.062012,431.869995,433.437988,30096600,0,433.437988,430.52984777102785,426.6645750152205,422.0123304819406,416.9714610214321,411.7785483846561,406.5792544970953,401.46522630501767,396.4936244224868,317.31535296679453,37.43956792953091,1,2
01/03/2016,00:00,433.578003,433.743011,424.705994,430.010986,39633800,0,430.010986,430.48043236426327,426.92199124481897,422.5283727734283,417.695879075797,412.6679355854046,407.59802543200425,402.58466786168367,397.6906730502551,318.4367025492145,43.584087385436774,1,2
01/04/2016,00:00,430.061005,434.516998,429.084015,433.091003,38477500,0,433.091003,430.72905813909534,427.39653061060216,423.20983278804584,418.5511637382527,413.66418277636046,408.70641576104754,403.780994729853,398.95497054846027,319.5775413596701,47.163717530282376,1,2
01/05/2016,00:00,433.069,434.182007,429.675995,431.959991,34522600,0,431.959991,430.84628984013386,427.74756602517124,423.774359124301,419.2960985861275,414.55666122629407,409.7174407714368,404.88605340711365,400.1337212788724,320.69577468942464,47.61944491897254,1,2
01/06/2016,00:00,431.855988,431.855988,426.341003,429.105011,34042500,0,429.105011,430.6804537601211,427.8519848693889,424.11827214853963,419.841038164676,415.2663368250114,410.56037860746136,405.8358164499719,401.1684101974841,321.77447355818657,42.9196908083736,1,2
01/07/2016,00:00,430.010986,458.765991,429.076996,458.048004,87562200,0,458.048004,433.2868871163001,430.1747555717436,426.30728710669837,421.9636473777495,417.3532474189133,412.6250579723544,407.88335321663965,403.1998242618597,323.1304290849708,51.389084663101166,1,2
01/08/2016,00:00,457.537994,462.93399,447.937988,453.230011,56993000,0,453.230011,435.186232248081,431.94823675853263,428.0442370352985,423.70066757898564,419.103333447259,414.3904907126868,409.6616535218694,404.9866166453647,324.4249522881054,48.941023506826824,1,2
01/09/2016,00:00,453.382996,454.640015,446.889008,447.610992,32278000,0,447.610992,436.36954270064473,433.1530640847993,429.3066083233438,425.0290189357087,420.4939509376366,415.83486033387436,411.14986287395294,406.5089157651731,325.6506840265322,68.57903859281578,1,1
01/10/2016,00:00,448.238007,448.30899,440.351013,447.990997,35995900,0,447.990997,437.4763478720119,434.2944435398148,430.51205275409586,426.3046843837248,421.83527025775186,417.2329532324016,412.5946132318372,407.99041866641693,326.8680005735319,66.45524560729989,1,1
01/11/2016,00:00,448.697998,450.661987,443.855011,448.428009,40450000,0,448.428009,438.51936321753453,435.38164088290597,431.6679208989929,427.5337579735179,423.1324770256664,418.5892600049059,413.9998444384318,409.43461832118777,328.07755289618336,67.1206043094711,1,1
01/12/2016,00:00,448.182007,448.182007,435.690002,435.690002,115607000,0,435.690002,438.249900244436,435.4053609688363,431.9274100022837,427.98688264165577,423.7450392195363,419.3327705264318,414.850438852611,410.3723105954311,329.1483235340323,51.72637897119139,1,2
01/13/2016,00:00,434.665009,435.186005,424.442993,432.371002,173888000,0,432.371002,437.6900051735373,435.1719487404643,431.9560288408461,428.2304448282304,424.165817891754,419.8996501557174,415.5375197603517,411.15797814559426,330.17541486205187,53.815836856857246,1,2
01/14/2016,00:00,432.287994,433.324005,427.845001,430.306,43945500,0,430.306,436.9867665855814,434.79764499119784,431.8495753672432,428.3457534488843,424.46533897020504,420.3521001489471,416.11667584818105,411.8418360689659,331.17173909228023,49.8223983314728,1,2
01/15/2016,00:00,430.255005,430.255005,364.330994,364.330994,153351008,0,364.330994,430.0671691964784,429.37713337649035,427.4935378596791,424.78937792394623,421.53195628873164,417.9163998816016,414.0858647953112,410.1450202807886,331.5016819271829,24.203480795228117,1,2
01/16/2016,00:00,365.072998,390.557007,354.914001,387.536011,120352000,0,387.536011,426.0165827015757,426.15858550137574,424.91563290099015,422.7197464281714,419.87361749415936,416.5955134084885,413.04469405824017,409.33755566361754,332.05923744034527,35.47332835987679,0,2
01/17/2016,00:00,387.152008,390.964996,380.09201,382.299011,45319600,0,382.299011,421.85300444428276,422.78477207819304,422.16617342350696,420.4741500154952,418.0407098602979,415.10436112985855,411.8389809971327,408.37189335420265,332.55913568471993,35.07153972098595,0,2
01/18/2016,00:00,381.733002,388.104004,376.665009,387.167999,54403900,0,387.167999,418.5496705924463,420.0450203029475,419.9082266865065,418.6238082924121,416.5347239646736,413.8897366894299,410.8714915070491,407.6146114129811,333.10250745900134,35.790361363737546,0,2
01/19/2016,00:00,387.026001,387.730011,378.971985,380.148987,46819800,0,380.148987,414.89246263126097,416.9760946642593,417.3431144486674,416.48631822061145,414.7598099663968,412.4227475724982,409.6666874087334,406.6336962553746,333.57063163353865,34.532092536430554,0,2
01/20/2016,00:00,379.73999,425.266998,376.598999,420.230011,121720000,0,420.230011,415.40080057114085,417.22639592085477,417.529365839076,416.6943011527997,415.0266490412067,412.7621938084766,410.0809353927047,407.11927892482555,334.4329140152945,47.832247229353044,0,2
01/21/2016,00:00,419.631989,422.877014,406.299988,410.261993,68338000,0,410.261993,414.9113903262703,416.69067261925056,417.06050307526465,416.3369506998664,414.7942267952942,412.65348942549934,410.08803569103,407.23151871322466,335.1874322141473,37.13563115829425,0,2
01/22/2016,00:00,409.751007,410.410004,375.282013,382.492004,91546600,0,382.492004,411.82382972376837,414.06000580238515,414.83027732847336,414.4566758832072,413.2185086101579,411.3421204939559,409.0058383698131,406.3479646163238,335.65812447072295,33.051251799034276,0,2
01/23/2016,00:00,382.43399,394.542999,381.980988,387.490997,56247400,0,387.490997,409.5064170834095,412.01623589450935,413.0664527911525,412.9585826119179,411.96350804380876,410.30511512465347,408.1621191004087,405.6745014871694,336.17387444613865,35.55238969478113,0,2
01/24/2016,00:00,388.10199,405.484985,387.51001,402.971008,54824800,0,402.971008,408.88399717070376,411.32044913339325,412.4151337723685,412.4037173557002,411.52484950508637,409.98624090184245,407.95854611607894,405.5779481483419,336.838522541202,39.913163293303064,0,2
01/25/2016,00:00,402.316986,402.316986,388.553986,391.726013,59062400,0,391.726013,407.24990344016055,409.8131848154399,411.08035178705444,411.25495600260575,410.5590526023992,409.19231794958847,407.3219761899582,405.0832361787582,337.38466672487164,37.882638591598955,0,2
01/26/2016,00:00,392.002014,397.765991,390.575012,392.153015,58147000,0,392.153015,405.81210454109765,408.45471021425226,409.85923328466384,410.19373705801655,409.66119710959924,408.45147869091073,406.72711496682257,404.6214425652312,337.92962541417637,40.179289854147484,0,2
01/27/2016,00:00,392.444,396.842987,391.782013,394.971985,47424400,0,394.971985,404.7797122038503,407.41757750546367,408.89876565339523,409.34808416590454,408.9446501774237,407.86541374782763,406.2661294779276,404.2768190807587,338.49721108169706,41.54476814550283,0,2
01/28/2016,00:00,395.145996,395.502014,379.734985,380.289001,59247900,0,380.289001,402.44726351776933,405.3307639281203,407.05297438543425,407.7336906566876,407.54681363218344,406.66643928053077,405.24741855722453,403.42011129216013,338.91304978735184,39.30241275351419,0,2
01/29/2016,00:00,380.108002,384.378998,365.451996,379.473999,86125296,0,379.473999,400.2593335636961,403.34178201057256,405.2736856508901,406.1637077868716,406.1774080403696,405.4841592683338,404.23669622164715,402.56489299601157,339.31664132180606,54.49035522840654,0,2
01/30/2016,00:00,378.86499,380.916992,376.490997,378.255005,30284400,0,378.255005,398.16368322429645,401.4120299328362,403.5305449637359,404.6132242987121,404.81533959937593,404.3002829957976,403.2178063698179,401.69668271043975,339.70408772656424,46.83525068392436,0,2
01/31/2016,00:00,378.292999,380.346985,367.834991,368.766998,37894300,0,368.766998,395.3639989172206,398.90087363031034,401.2877354822046,402.62176728211693,403.0568839116015,402.7553575611977,401.86679427688387,400.52062254220976,339.99327091336465,45.5156963764575,0,2
02/01/2016,00:00,369.350006,378.071991,367.957001,373.056,51656700,0,373.056,393.23942759177106,396.9128064279788,399.46633319303015,400.97922465533264,401.59342615981603,401.4640811454934,400.7369592072022,399.53974316570225,340.32225329233614,45.30545211696213,0,2
02/02/2016,00:00,372.920013,375.882996,372.920013,374.447998,40378700,0,374.447998,391.44976763065,395.1847442412112,397.85224705154434,399.50526761892525,400.2692589325079,400.2894688348198,399.7060195520178,398.6436094097843,340.66181294116865,48.02972544203892,0,2
02/03/2016,00:00,374.645996,374.950012,368.045013,369.949005,45933400,0,369.949005,389.40207595154044,393.2435335303488,396.0520378869286,397.86325302898496,398.7902221553124,398.9703182333059,398.53907780487987,397.61880210943485,340.95322778752524,26.954971740705744,0,2
02/04/2016,00:00,370.174011,391.608002,369.993011,389.593994,69285504,0,389.593994,389.42035386091754,392.96279972032204,395.6353898942235,397.4038497495969,398.3416256599313,398.5626519622926,398.18829020468854,397.3322018198122,341.4372155110325,41.29914483656885,0,2
02/05/2016,00:00,388.89801,391.093994,385.571991,386.549011,43825000,0,386.549011,389.1468926360683,392.4694313572204,395.0491719010478,396.80080315239707,397.7663761643249,398.0403197465408,397.73184788293605,396.94708786196173,341.8860890979874,52.1569516304458,0,2
02/06/2016,00:00,386.588989,386.631012,372.386993,376.522003,49249300,0,376.522003,387.94452219453797,391.2427060989727,393.8538706816254,395.6742031439306,396.73006527826027,397.10474075756076,396.90008926007584,396.2176205454631,342.2307250572114,44.4641825399384,0,2
02/07/2016,00:00,376.514008,380.871002,374.903015,376.619995,37076300,0,376.619995,386.86599579505815,390.1178821682825,392.74200773442374,394.6156360248233,395.7490862402963,396.21409963766683,396.10479144595524,395.51770534741087,342.57290684768685,34.25694608515413,0,2
02/08/2016,00:00,376.756989,379.878998,373.334015,373.446991,47671100,0,373.446991,385.58799533838595,388.83550592456845,391.49716794510607,393.43960019011087,394.6611791554038,395.22422534907264,395.2162502519962,394.72946554928905,342.88011166512285,37.91372578040251,0,2
02/09/2016,00:00,373.423004,377.246002,372.89801,376.028992,55318500,0,376.028992,384.67761406806346,387.8503894688325,390.49922110993793,392.4723441795491,393.7522919770914,394.38964998606946,394.46380875191795,394.0615914939573,343.20995127044506,39.63404342434712,0,2
02/10/2016,00:00,376.145996,385.483002,375.78299,381.648987,85130896,0,381.648987,384.38917339491456,387.3733585096915,389.9282382641355,391.87104655846304,393.16188685625764,393.8357081171099,393.961266722431,393.6182841906017,343.59242923790333,41.732543632169936,0,2
02/11/2016,00:00,382.114014,383.130005,376.398987,379.653992,74375600,0,379.653992,383.93820373825605,386.7795610858691,389.26538366644934,391.1923213052151,392.5029651559524,393.2191117641921,393.4001971254729,393.1195594695088,343.95125075792424,49.532304162730064,0,2
02/12/2016,00:00,379.686005,384.95401,379.600006,384.263,67042800,0,384.263,383.969136715565,386.5859794638792,388.94264923635586,390.8073590104809,392.1010156361498,392.8297156005316,393.04187566957205,392.8032537741692,344.3523626906813,53.340496833964394,0,2
02/13/2016,00:00,384.640991,391.859985,384.640991,391.859985,61911700,0,391.859985,384.7206460759874,386.991672197427,389.13086444691356,390.86583823212084,392.08925804414247,392.7875534005085,392.99552701586333,392.7695656036632,344.8250753504755,58.714553716831496,0,2
02/14/2016,00:00,392.932007,407.230011,392.932007,407.230011,74469800,0,407.230011,386.86439511636956,388.54846748993265,390.29855132130626,391.77495894144744,392.8278313590623,393.41548633961685,393.5537420740648,393.2860100821038,345.44601998380415,72.9107483962035,0,1
02/15/2016,00:00,407.567993,410.381012,397.748993,400.184998,74070496,0,400.184998,388.13302396242966,389.4435852214763,390.9363865908995,392.2421833335892,393.186717536669,393.7098129335466,393.8137913260623,393.532402507743,345.9906864317265,65.64587075053012,0,1
02/16/2016,00:00,401.432007,408.945007,401.432007,407.488007,73093104,0,407.488007,389.9763556802935,390.8316176659782,392.004233068906,393.08917353727867,393.884341412929,394.3088648494794,394.35003507798143,394.030816953895,346.6026000692218,67.83863631825939,0,1
02/17/2016,00:00,407.656006,421.166992,406.783997,416.321991,83193600,0,416.321991,392.48546380597986,392.79241561474913,393.5731206773637,394.379885618541,394.9788609049813,395.2659572908064,395.21168040825665,394.82693031268445,347.2963253521151,73.91765770959496,0,1
02/18/2016,00:00,416.571991,425.996002,415.638,422.372986,76752600,0,422.372986,395.3318944911246,395.0678441059223,395.43117650463057,395.93505786195533,396.3151596901041,396.4445237564235,396.27682964714853,395.8107180158029,348.0433568013478,69.66369889653625,0,1
02/19/2016,00:00,422.730011,423.104004,417.604004,420.785004,55711300,0,420.785004,397.75600015863654,397.04608717469756,397.06690731078345,397.31561042518,397.50881063205026,397.5028055061442,397.237934523731,396.7026568009528,348.7671542859115,70.9031372137622,0,1
02/20/2016,00:00,421.601013,441.984009,421.601013,437.164001,93992096,0,437.164001,401.5091430959093,400.13208054587466,399.6538165810555,399.5294099015589,399.44321016219413,399.2272053102249,398.8036626208396,398.14770480806163,349.646724899982,84.36041409099543,1,1
02/21/2016,00:00,437.77301,448.04599,429.076996,438.798004,89820704,0,438.798004,405.06046318201317,403.1063823500382,402.179248027439,401.7109984625834,401.3629562030627,400.947674818476,400.37206816512037,399.59950120777376,350.5338023039623,84.62798567480463,1,1
02/22/2016,00:00,438.989014,439.045013,432.916992,437.747986,85385200,0,437.747986,408.17356059325004,405.771121092343,404.47400531599135,403.7130533257732,403.1378357053523,402.54768834810744,401.83779043315485,400.9619470932104,351.4016051268085,86.67761098995271,1,1
02/23/2016,00:00,438.255005,439.858002,417.821014,420.735992,85244896,0,420.735992,409.36998263198814,406.92226500831663,405.5231657472177,404.65877214100806,403.9962823538717,403.3384841590593,402.57889637695274,401.66816298273864,352.0914995235567,71.89651877725791,1,1
02/24/2016,00:00,420.955994,425.549988,413.907013,424.954987,67743696,0,424.954987,410.854268762275,408.30939746921536,406.77683163449404,405.7863396331743,405.0186581902682,404.27833210866544,403.45639012687616,402.49983526906937,352.816509349193,71.5054716045738,1,1
02/25/2016,00:00,425.036987,427.718994,420.415009,424.544006,70798000,0,424.544006,412.158053261106,409.558213510045,407.9231009483977,406.82843220910905,405.9711141809868,405.1594483648105,404.28335545523396,403.2871270808883,353.5302157835294,72.64839182341345,1,1
02/26/2016,00:00,424.628998,432.152008,421.619995,432.152008,61486000,0,432.152008,414.0622394267149,411.29619770158,409.4862562420495,408.2352975308252,407.24823095264594,406.33303791416654,405.37624379032286,404.31801568514226,354.31252217374305,73.45178573401411,1,1
02/27/2016,00:00,432.838989,434.230988,428.102997,432.519012,41893600,0,432.519012,415.8200272908373,412.92872187838157,410.97224048449795,409.5843927791127,408.4809519793461,407.4715585265941,406.4406660730553,405.3251941249586,355.09069620186506,71.4285849808081,1,1
02/28/2016,00:00,432.571014,435.683014,423.820007,433.503998,53033400,0,433.503998,417.50421497742417,414.5114354261984,412.4259022596916,410.91325973582866,409.7015883705975,408.60340372109,407.5019732074453,406.3315799776387,355.87092806055296,66.3220927107501,1,1
02/29/2016,00:00,433.437988,441.506989,431.692993,437.696991,60694700,0,437.696991,419.42733650338374,416.2949397011062,414.056295081647,412.4012448060604,411.0672177671537,409.8683422984339,408.68609155225136,407.4517732284373,356.6851177415425,74.1595309670153,1,1
03/01/2016,00:00,437.916992,439.653015,432.319,435.122986,74895800,0,435.122986,420.92216026496624,417.74325095486734,415.4154364312182,413.66356376127925,412.240669876073,410.96637028545854,409.72283251098656,408.44003082742165,357.4655940426217,68.95274818075086,1,1
03/02/2016,00:00,435.131012,435.916992,423.989014,423.989014,74955296,0,423.989014,421.21424157306467,418.22369426603143,415.9685704679138,414.2371998856526,412.8137598333377,411.53257218609076,410.2822906085949,408.9953516550138,358.12751861931207,55.09742067830208,1,2
03/03/2016,00:00,423.911987,425.372986,419.411011,421.651001,100484000,0,421.651001,421.25583770896327,418.4873332455675,416.33517888933875,414.6490777253386,413.2448447682968,411.97250387365204,410.72812238865004,409.4473391316204,358.75959307086123,49.4950584992477,1,2
03/04/2016,00:00,421.835999,425.178009,410.938995,410.938995,90856096,0,410.938995,420.27328126049053,417.90669184206234,415.98703799325244,414.44296201837534,413.1323642917945,411.9275687052324,410.7363919028206,409.5006125554911,359.2787911000069,43.89326387678846,1,2
03/05/2016,00:00,410.781006,411.256989,394.035004,400.570007,135384992,0,400.570007,418.39677894996765,416.5731007003653,414.99239083239746,413.67224229513226,412.5195663751216,411.4337616745701,410.3377101419257,409.1816623570807,359.68964896965855,25.47515372766466,1,2
03/06/2016,00:00,400.524994,411.907013,395.778015,407.707001,91212496,0,407.707001,417.3787048594945,415.89109303110644,414.52236568192023,413.3408400009582,412.2848070885303,411.27172860176273,410.23454507753644,409.1289958800421,360.1674335669754,30.594551163202738,1,2
03/07/2016,00:00,407.756989,415.916992,406.30899,414.321014,85762400,0,414.321014,417.0874962062093,415.77031772102134,414.5093752508286,413.3952941120161,412.38413425494343,411.4043062277731,410.3947987607703,409.31442509861205,360.7062751633239,36.327672215217156,1,2
03/08/2016,00:00,414.464996,416.243011,411.093994,413.971985,70311696,0,413.971985,416.79078085323704,415.63198443478893,414.47470491206553,413.4273324946818,412.46159038884866,411.5159444352612,410.53508057407345,409.4807665236616,361.23628222637535,45.09925455565624,1,2
03/09/2016,00:00,413.894012,416.032013,411.605988,414.859985,70012304,0,414.859985,416.60689553388113,415.57259986288216,414.4995616919323,413.5069243005328,412.5785852479292,411.66133750329334,410.70468466920784,409.6728814692451,361.7698514082025,42.31489201127433,1,2
03/10/2016,00:00,414.743988,417.511993,413.251007,417.131012,81022896,0,417.131012,416.65681138779723,415.69247771958356,414.66933267954954,413.7082625060587,412.80065484559117,411.8991494379328,410.9566975057095,409.93924327391494,362.3207087275239,44.51206674090323,1,2
03/11/2016,00:00,417.238007,423.925995,417.013,421.690002,73969696,0,421.690002,417.1361628746737,416.1538257411541,415.1222790873206,414.15169247794427,413.2342815360501,412.3248386797618,411.3776114074464,410.358913228418,362.9114479640659,41.888662772937565,1,2
03/12/2016,00:00,421.605011,421.795013,410.093994,411.623993,92712896,0,411.623993,416.61119431518097,415.80537706875765,414.89658321071926,414.01126472916957,413.155730875755,412.29436712846785,411.3872734306838,410.40409464883163,363.396149904722,35.91771559202998,1,2
03/13/2016,00:00,411.64801,416.604004,411.641998,414.065002,74322800,0,414.065002,416.3686998089733,415.6715020634686,414.8429328100277,414.01425013310455,413.20008556474255,412.3713512533171,411.4922823941864,410.53484133994476,363.9003175872621,37.15117743067594,1,2
03/14/2016,00:00,414.200989,416.68399,414.200989,416.437988,95259400,0,416.437988,416.3752986843092,415.7304625201249,414.9458395964775,414.14890223682096,413.358032024999,412.5481615466511,411.6862316336301,410.74566800637535,364.42308047694115,35.601766885574776,1,2
03/15/2016,00:00,416.388,418.131012,414.984985,416.829987,66781700,0,416.829987,416.41860233342265,415.8150413262692,415.067397493479,414.2978513903309,413.52739568231607,412.73432787070976,411.88794753035046,410.9629651132905,364.94454223338954,37.23323279087772,1,2
03/16/2016,00:00,416.888,417.686005,415.911987,417.010986,65185800,0,417.010986,416.47501982547766,415.90703707040234,415.19279030035136,414.44858109086806,413.697326917325,412.920269528505,412.08885099974844,411.17896585924444,365.462616300719,44.25109501453468,1,2
03/17/2016,00:00,417.889008,420.997009,417.889008,420.621002,83528600,0,420.621002,416.86987527067026,416.2696497572945,415.5429975067803,414.7914933635976,414.03506716526033,413.2550839837874,412.4234451566211,411.5161814357,366.0114559594183,49.16884710023785,1,2
03/18/2016,00:00,420.546997,420.546997,406.136993,409.548004,104940000,0,409.548004,416.17255419727314,415.7526000836565,415.15622373214933,414.5001883989533,413.81618603524765,413.09390659318797,412.31068275832223,411.44588938442496,366.44465544240916,48.88404784123476,1,2
03/19/2016,00:00,409.265015,410.984009,407.230011,410.444,58423000,0,410.444,415.6269776070567,415.3442462310676,414.8522092978171,414.27484459901143,413.65168915547946,412.9786932630494,412.23747951289783,411.4101076206955,366.8824598658678,59.341514527938656,1,2
03/20/2016,00:00,410.401001,414.625,410.401001,413.755005,45947900,0,413.755005,415.44869450162275,415.22199690560086,414.78142192376447,414.2459646212885,413.6567289527731,413.0124459472647,412.2969903163136,411.49385395567066,367.3488533497895,56.16840182770605,1,2
03/21/2016,00:00,413.417999,413.417999,410.381012,413.307007,61655400,0,413.307007,415.244724263373,415.07468998978544,414.6862983802958,414.1938003089947,413.6396693453207,413.02525294955757,412.33659881371307,411.55860942153953,367.80614841098566,48.81701717676869,1,2
03/22/2016,00:00,413.131989,418.375,412.531006,418.088989,66813300,0,418.088989,415.5156066192422,415.30655914441735,414.90582680737356,414.41019968071726,413.8567093284758,413.2454153865333,412.562182742587,411.79183726362743,368.30647518301566,54.35283963249341,1,2
03/23/2016,00:00,418.161011,419.268005,417.364014,418.040985,61444200,0,418.040985,415.75611884598106,415.5168995948468,415.1080950778656,414.61190997623294,414.0608203368428,413.45391841320577,412.7770377330738,412.015021111355,368.8013459274633,53.42403690700597,1,2
03/24/2016,00:00,418.424011,418.679993,415.485992,416.394012,68346704,0,416.394012,415.81687057493525,415.5843697798586,415.1910574599388,414.71091564421994,414.17463456431386,413.5817485691533,412.9188798611886,412.1714136430923,369.27490479385665,49.195888254783775,1,2
03/25/2016,00:00,416.507996,418.079987,415.558014,417.177002,52560000,0,417.177002,415.9464069011319,415.7068799506387,415.3191829141363,414.8479204417633,414.3210915123961,413.73806393571186,413.0858650431028,412.350184655839,369.7515425770024,44.63389234073211,1,2
03/26/2016,00:00,417.36499,418.987,416.259003,417.945007,44650400,0,417.945007,416.1367497676908,415.87904356982034,415.48859091967597,415.01998080610974,414.49786787764504,413.9209745037244,413.2764196296478,412.549999739559,370.2310795364352,59.64953091262589,1,2
03/27/2016,00:00,418.140015,428.796997,417.710999,426.765015,71229400,0,426.765015,417.14896550410117,416.71642598752646,416.21610215066465,415.6724827057703,415.09626529824766,414.47941104704074,413.8053841539754,413.0576788560033,370.7936062574657,66.22716230485675,1,1
03/28/2016,00:00,426.548004,426.856995,423.292999,424.230988,68522800,0,424.230988,417.8234438370439,417.29446921925523,416.73319156029925,416.14795522211637,415.54186152760144,414.9033926536912,414.2142313636234,413.45672561114606,371.32532149868496,59.9165245718067,1,2
03/29/2016,00:00,424.303986,426.203003,412.681,416.515991,75411504,0,416.515991,417.69892451923016,417.23458627931257,416.7191786209251,416.16840165422104,415.58938003845014,414.9735056252698,414.30449644740287,413.5659850893194,371.77497990168314,49.66321004218334,1,2
03/30/2016,00:00,416.834015,416.834015,412.496002,414.81601,66034100,0,414.81601,417.42436123168443,417.04854195013473,416.59639354860735,416.0932687845421,415.5516546707209,414.9666579893885,414.32455580240673,413.6106288361294,372.20324885788534,47.719978277751444,1,2
03/31/2016,00:00,415.256989,418.368988,415.256989,416.729004,60215200,0,416.729004,417.35813673342875,417.0239621078167,416.60494906160045,416.12858740762306,415.60908634531984,415.04328172898033,414.41884788858687,413.7219993776962,372.64629119760787,45.80946474864378,1,2
04/01/2016,00:00,416.76001,418.173004,415.830994,417.959991,51235700,0,417.959991,417.4154561873879,417.09596433029236,416.6923711221424,416.23033205164404,415.7237646211579,415.1700951755464,414.55771624589715,413.87335622134987,373.0971737827063,61.493058234017,1,1
